PT Nom,Codigo,Norte,Este,Elevacion,Latitud,Longitud,Altitud,Tiempo local,Correccion de estacion x,Correccion de estacion y,Correccion de estacion h,Latitud original,Longitud original,Altitud original,Tipo de medicion,Medicion de altura,ANT,Hora de inicio,Hora de finalizacion,AÑOS,Estado de solucion,Calculo de satelites,Seguimiento de satelites,Modo de medicion,Cuenta de epocas,NRMS,ERMS,HRMS,VRMS,PDOP,HDOP,VDOP,ID de base,Distancia a Ref,Correccion de inclinacion,Pitch,Roll,Yaw,Angulo inclinado,Angulo proyectado,Offset H,Offset V
Pt1,,1128763.043,544016.640,51.370,10d12m28.3829sN,83d35m53.6549sW,51.370,2026-09-26 07:58:26.000,,,,10d12m28.3838sN,83d35m53.6549sW,53.149,Altura vertical,1.710,1.778,2026-09-26 07:58:19.000,2026-09-26 07:58:26.000,3,Fijo,34,42,Punto suave,5,0.002,0.002,0.013,0.019,0.860,0.440,0.760,0,6.136,Uso,0.17230802,-0.65882329,150.45789795,0d40m51.5362s,45d48m06.3148s,,
Pt2,,1128767.439,544009.860,51.255,10d12m28.5263sN,83d35m53.8775sW,51.255,2026-09-26 07:59:18.000,,,,10d12m28.5222sN,83d35m53.8744sW,53.024,Altura vertical,1.710,1.778,2026-09-26 07:59:14.000,2026-09-26 07:59:18.000,2,Fijo,36,42,Punto suave,5,0.002,0.002,0.013,0.019,0.900,0.400,0.800,0,5.896,Uso,-5.65634298,0.51038974,139.44332581,5d40m45.2956s,144d36m28.1426s,,
Pt3,,1128772.494,544002.031,51.121,10d12m28.6911sN,83d35m54.1345sW,51.121,2026-09-26 07:59:39.000,,,,10d12m28.6894sN,83d35m54.1333sW,52.897,Altura vertical,1.710,1.778,2026-09-26 07:59:32.000,2026-09-26 07:59:39.000,2,Fijo,34,43,Punto suave,5,0.002,0.002,0.013,0.020,1.000,0.420,0.860,0,13.919,Uso,-2.24427466,-0.03183480,143.30807800,2d14m40.2012s,142d29m42.6837s,,
Pt4,,1128777.779,543994.095,51.057,10d12m28.8635sN,83d35m54.3951sW,51.057,2026-09-26 08:00:14.000,,,,10d12m28.8616sN,83d35m54.3937sW,52.837,Altura vertical,1.710,1.778,2026-09-26 08:00:10.000,2026-09-26 08:00:14.000,2,Fijo,36,43,Punto suave,5,0.002,0.002,0.013,0.019,0.800,0.400,0.700,0,23.129,Uso,-2.91513762,0.45418291,136.00281067,2d57m00.9954s,144d51m44.3846s,,
Pt5,,1128782.947,543986.786,51.266,10d12m29.0320sN,83d35m54.6351sW,51.266,2026-09-26 08:00:44.000,,,,10d12m29.0298sN,83d35m54.6363sW,53.041,Altura vertical,1.710,1.778,2026-09-26 08:00:37.000,2026-09-26 08:00:44.000,3,Fijo,36,43,Punto suave,5,0.002,0.002,0.012,0.019,0.800,0.400,0.700,0,31.912,Uso,-2.14440026,1.47580855,153.12066650,2d36m10.6875s,187d40m09.0024s,,
Pt6,,1128788.136,543979.388,51.202,10d12m29.2012sN,83d35m54.8779sW,51.202,2026-09-26 08:01:02.000,,,,10d12m29.2007sN,83d35m54.8770sW,52.980,Altura vertical,1.710,1.778,2026-09-26 08:00:58.000,2026-09-26 08:01:02.000,2,Fijo,35,43,Punto suave,5,0.002,0.002,0.012,0.019,0.900,0.400,0.760,0,40.857,Uso,-1.70796251,-0.83424738,146.40587769,1d54m02.7454s,120d22m04.5298s,,
Pt7,,1128793.400,543971.273,51.108,10d12m29.3729sN,83d35m55.1444sW,51.108,2026-09-26 08:01:23.000,,,,10d12m29.3703sN,83d35m55.1420sW,52.882,Altura vertical,1.710,1.778,2026-09-26 08:01:19.000,2026-09-26 08:01:23.000,3,Fijo,36,43,Punto suave,5,0.002,0.002,0.013,0.019,0.900,0.400,0.760,0,50.499,Uso,-3.66178823,-0.60168805,151.08828125,3d42m38.9730s,141d45m01.8258s,,
Pt8,,1128798.356,543964.004,51.135,10d12m29.5345sN,83d35m55.3830sW,51.135,2026-09-26 08:01:43.000,,,,10d12m29.5320sN,83d35m55.3824sW,52.908,Altura vertical,1.710,1.778,2026-09-26 08:01:39.000,2026-09-26 08:01:43.000,3,Fijo,35,43,Punto suave,5,0.002,0.002,0.013,0.019,0.980,0.440,0.820,0,59.263,Uso,-2.65703321,0.78988901,154.74665527,2d46m18.7576s,171d18m34.3474s,,
Pt9,,1128803.777,543955.879,51.029,10d12m29.7113sN,83d35m55.6498sW,51.029,2026-09-26 08:02:10.000,,,,10d12m29.7099sN,83d35m55.6484sW,52.802,Altura vertical,1.710,1.778,2026-09-26 08:02:06.000,2026-09-26 08:02:10.000,2,Fijo,33,43,Punto suave,5,0.002,0.002,0.013,0.020,0.900,0.400,0.800,0,69.010,Uso,-2.16067696,-0.72073467,150.58590393,2d16m39.5776s,132d08m01.7650s,,
Pt10,,1128808.900,543948.010,50.910,10d12m29.8783sN,83d35m55.9081sW,50.910,2026-09-26 08:02:32.000,,,,10d12m29.8777sN,83d35m55.9053sW,52.691,Altura vertical,1.710,1.778,2026-09-26 08:02:28.000,2026-09-26 08:02:32.000,2,Fijo,35,42,Punto suave,5,0.002,0.002,0.013,0.020,0.860,0.400,0.760,0,78.390,Uso,-1.89455733,-1.90289152,144.51887207,2d41m05.8651s,99d22m38.5324s,,
Pt11,,1128814.512,543939.523,50.756,10d12m30.0613sN,83d35m56.1868sW,50.756,2026-09-26 08:02:53.000,,,,10d12m30.0619sN,83d35m56.1883sW,52.536,Altura vertical,1.710,1.778,2026-09-26 08:02:49.000,2026-09-26 08:02:53.000,3,Fijo,33,42,Punto suave,5,0.002,0.002,0.015,0.020,1.080,0.440,0.880,0,88.554,Uso,0.82895728,1.36215057,155.04730835,1d35m40.2730s,276d21m53.4983s,,
Pt12,,1128820.176,543931.476,50.609,10d12m30.2460sN,83d35m56.4509sW,50.609,2026-09-26 08:03:15.000,,,,10d12m30.2436sN,83d35m56.4506sW,52.388,Altura vertical,1.710,1.778,2026-09-26 08:03:07.000,2026-09-26 08:03:15.000,3,Fijo,36,40,Punto suave,5,0.002,0.002,0.013,0.020,1.120,0.420,0.940,0,98.370,Uso,-2.59777517,0.59086558,155.50248718,2d39m50.6856s,168d19m16.0698s,,
Pt13,,1128825.531,543923.662,50.647,10d12m30.4206sN,83d35m56.7075sW,50.647,2026-09-26 08:03:39.000,,,,10d12m30.4171sN,83d35m56.7054sW,52.416,Altura vertical,1.710,1.778,2026-09-26 08:03:35.000,2026-09-26 08:03:39.000,3,Fijo,34,42,Punto suave,5,0.002,0.002,0.013,0.021,0.940,0.400,0.840,0,107.831,Uso,-4.16771407,0.08578049,149.92315369,4d10m06.9427s,151d06m11.8738s,,
Pt14,,1128831.052,543915.246,50.515,10d12m30.6007sN,83d35m56.9838sW,50.515,2026-09-26 08:04:24.000,,,,10d12m30.5976sN,83d35m56.9820sW,52.295,Altura vertical,1.710,1.778,2026-09-26 08:04:17.000,2026-09-26 08:04:24.000,3,Fijo,39,43,Punto suave,5,0.002,0.002,0.013,0.019,0.800,0.400,0.700,0,117.894,Uso,-3.60457897,-0.92507046,161.67749634,3d43m16.4584s,147d16m24.8771s,,
Pt15,,1128836.109,543907.600,50.328,10d12m30.7656sN,83d35m57.2348sW,50.328,2026-09-26 08:04:48.000,,,,10d12m30.7646sN,83d35m57.2328sW,52.115,Altura vertical,1.710,1.778,2026-09-26 08:04:40.000,2026-09-26 08:04:48.000,2,Fijo,36,43,Punto suave,5,0.002,0.002,0.013,0.020,0.840,0.400,0.740,0,127.057,Uso,-1.75779865,-2.01842065,157.64092102,2d40m34.6921s,108d40m35.8545s,,
Pt16,,1128840.083,543901.806,50.650,10d12m30.8952sN,83d35m57.4250sW,50.650,2026-09-26 08:05:14.000,,,,10d12m30.8930sN,83d35m57.4232sW,52.428,Altura vertical,1.710,1.778,2026-09-26 08:05:06.000,2026-09-26 08:05:14.000,2,Fijo,34,43,Punto suave,5,0.002,0.002,0.013,0.020,1.040,0.400,0.860,0,134.077,Uso,-3.24146008,0.19888363,151.63312073,3d14m51.1772s,155d08m45.7901s,,
Pt17,,1128843.693,543897.538,50.819,10d12m31.0128sN,83d35m57.5651sW,50.819,2026-09-26 08:05:34.000,,,,10d12m31.0095sN,83d35m57.5641sW,52.600,Altura vertical,1.710,1.778,2026-09-26 08:05:27.000,2026-09-26 08:05:34.000,2,Fijo,31,43,Punto suave,5,0.002,0.002,0.013,0.020,1.060,0.460,0.920,0,139.611,Uso,-3.92647476,-0.05904986,155.33372803,3d55m36.9050s,154d28m17.2290s,,
Pt18,,1128850.276,543903.223,50.609,10d12m31.2269sN,83d35m57.3781sW,50.609,2026-09-26 08:07:15.000,,,,10d12m31.2244sN,83d35m57.3752sW,52.382,Altura vertical,1.710,1.778,2026-09-26 08:07:08.000,2026-09-26 08:07:15.000,3,Fijo,36,44,Punto suave,5,0.002,0.002,0.014,0.021,0.800,0.400,0.700,0,138.593,Uso,3.55949159,1.72562866,-25.10776787,3d57m18.8727s,129d00m25.2543s,,
Pt19,,1128844.857,543910.558,50.313,10d12m31.0502sN,83d35m57.1373sW,50.313,2026-09-26 08:09:03.000,,,,10d12m31.0513sN,83d35m57.1373sW,52.090,Altura vertical,1.710,1.778,2026-09-26 08:08:59.000,2026-09-26 08:09:03.000,3,Fijo,35,45,Punto suave,5,0.002,0.002,0.013,0.020,0.900,0.400,0.740,0,129.473,Uso,-0.76030791,0.39709360,-28.04273071,0d51m27.9150s,359d32m07.8002s,,
Pt20,,1128839.451,543918.189,50.446,10d12m30.8739sN,83d35m56.8868sW,50.446,2026-09-26 08:09:27.000,,,,10d12m30.8750sN,83d35m56.8879sW,52.221,Altura vertical,1.710,1.778,2026-09-26 08:09:23.000,2026-09-26 08:09:27.000,3,Fijo,38,45,Punto suave,5,0.002,0.002,0.013,0.020,0.800,0.400,0.700,0,120.120,Uso,-1.26309946,-0.15018867,-47.14600983,1d16m19.1847s,306d04m21.0757s,,
Pt21,,1128834.829,543925.332,50.551,10d12m30.7232sN,83d35m56.6522sW,50.551,2026-09-26 08:10:03.000,,,,10d12m30.7252sN,83d35m56.6517sW,52.326,Altura vertical,1.710,1.778,2026-09-26 08:09:59.000,2026-09-26 08:10:03.000,3,Fijo,35,44,Punto suave,5,0.002,0.002,0.013,0.020,0.900,0.400,0.760,0,111.624,Uso,-1.03858280,1.83115556,-32.15272713,2d06m18.3357s,28d17m46.4485s,,
Pt22,,1128829.397,543933.155,50.539,10d12m30.5461sN,83d35m56.3954sW,50.539,2026-09-26 08:10:24.000,,,,10d12m30.5483sN,83d35m56.3967sW,52.318,Altura vertical,1.710,1.778,2026-09-26 08:10:20.000,2026-09-26 08:10:24.000,2,Fijo,35,43,Punto suave,5,0.002,0.002,0.012,0.019,0.880,0.400,0.780,0,102.102,Uso,-1.57081941,0.96340988,-20.90926361,1d50m33.5797s,10d37m04.1867s,,
Pt23,,1128824.103,543940.636,50.634,10d12m30.3735sN,83d35m56.1498sW,50.634,2026-09-26 08:10:49.000,,,,10d12m30.3747sN,83d35m56.1494sW,52.405,Altura vertical,1.710,1.778,2026-09-26 08:10:42.000,2026-09-26 08:10:49.000,2,Fijo,36,43,Punto suave,5,0.002,0.002,0.012,0.019,0.840,0.400,0.740,0,92.938,Uso,-0.89819115,1.79718974,-31.98742485,2d00m32.6622s,31d27m58.5905s,,
Pt24,,1128818.992,543948.193,50.593,10d12m30.2068sN,83d35m55.9017sW,50.593,2026-09-26 08:11:09.000,,,,10d12m30.2076sN,83d35m55.9023sW,52.362,Altura vertical,1.710,1.778,2026-09-26 08:11:02.000,2026-09-26 08:11:09.000,2,Fijo,37,42,Punto suave,5,0.002,0.002,0.013,0.019,0.880,0.400,0.740,0,83.822,Uso,-2.36407280,1.14497849,-32.64724884,2d37m35.7904s,353d12m15.0081s,,
Pt25,,1128813.602,543954.810,50.768,10d12m30.0311sN,83d35m55.6845sW,50.768,2026-09-26 08:11:31.000,,,,10d12m30.0355sN,83d35m55.6825sW,52.536,Altura vertical,1.710,1.778,2026-09-26 08:11:24.000,2026-09-26 08:11:31.000,3,Fijo,36,42,Punto suave,5,0.002,0.002,0.013,0.019,0.820,0.400,0.720,0,75.296,Uso,-4.59856067,0.30387329,20.58488560,4d36m30.8455s,24d22m10.5055s,,
Pt26,,1128808.619,543961.931,50.853,10d12m29.8686sN,83d35m55.4507sW,50.853,2026-09-26 08:11:47.000,,,,10d12m29.8712sN,83d35m55.4505sW,52.629,Altura vertical,1.710,1.778,2026-09-26 08:11:43.000,2026-09-26 08:11:47.000,3,Fijo,36,42,Punto suave,5,0.002,0.002,0.013,0.019,0.900,0.400,0.740,0,66.607,Uso,-2.37700584,1.13654402,-4.66986895,2d38m04.5810s,20d53m37.7904s,,
Pt27,,1128804.900,543969.265,50.809,10d12m29.7473sN,83d35m55.2099sW,50.809,2026-09-26 08:12:09.000,,,,10d12m29.7483sN,83d35m55.2093sW,52.587,Altura vertical,1.710,1.778,2026-09-26 08:12:05.000,2026-09-26 08:12:09.000,3,Fijo,36,43,Punto suave,5,0.002,0.002,0.012,0.019,0.860,0.400,0.760,0,58.513,Uso,0.26570961,0.96415687,-30.87605705,1d00m00.3481s,74d31m48.1728s,,
Pt28,,1128800.109,543976.728,51.052,10d12m29.5910sN,83d35m54.9649sW,51.052,2026-09-26 08:12:22.000,,,,10d12m29.6028sN,83d35m54.9691sW,52.787,Altura vertical,1.710,1.778,2026-09-26 08:12:22.000,2026-09-26 08:12:22.000,2,Fijo,35,43,Punto suave,1,0.008,0.010,0.013,0.020,0.900,0.400,0.700,0,49.684,Uso,-8.05209351,4.68222475,-35.80255508,9d18m24.1566s,354d30m46.0684s,,
Pt30,,1128795.078,543984.047,50.955,10d12m29.4270sN,83d35m54.7245sW,50.955,2026-09-26 08:23:24.000,,,,10d12m29.4272sN,83d35m54.7259sW,52.732,Altura vertical,1.710,1.778,2026-09-26 08:23:17.000,2026-09-26 08:23:24.000,2,Fijo,36,42,Punto suave,5,0.002,0.002,0.012,0.020,0.900,0.400,0.800,0,40.830,Uso,-0.71100777,-1.37161586,-25.86927681,1d32m41.6977s,271d31m35.8530s,,
Pt31,,1128789.963,543990.874,51.066,10d12m29.2602sN,83d35m54.5004sW,51.066,2026-09-26 08:23:41.000,,,,10d12m29.2616sN,83d35m54.5007sW,52.837,Altura vertical,1.710,1.778,2026-09-26 08:23:37.000,2026-09-26 08:23:41.000,3,Fijo,35,42,Punto suave,5,0.002,0.002,0.012,0.020,0.960,0.420,0.860,0,32.311,Uso,-0.94825485,2.08863879,-30.91184769,2d17m37.4308s,34d40m49.2633s,,
Pt32,,1128784.914,543998.253,51.001,10d12m29.0956sN,83d35m54.2582sW,51.001,2026-09-26 08:24:07.000,,,,10d12m29.0948sN,83d35m54.2603sW,52.785,Altura vertical,1.710,1.778,2026-09-26 08:24:00.000,2026-09-26 08:24:07.000,3,Fijo,34,42,Punto suave,5,0.002,0.002,0.012,0.021,0.900,0.440,0.800,0,23.435,Uso,-0.55689502,-2.10483191,-27.55245209,2d10m38.0110s,257d15m38.3567s,,
Pt33,,1128779.533,544005.370,51.110,10d12m28.9201sN,83d35m54.0245sW,51.110,2026-09-26 08:24:24.000,,,,10d12m28.9205sN,83d35m54.0271sW,52.886,Altura vertical,1.710,1.778,2026-09-26 08:24:20.000,2026-09-26 08:24:24.000,2,Fijo,33,42,Punto suave,5,0.002,0.002,0.012,0.021,0.940,0.400,0.800,0,14.576,Uso,-0.91773451,-1.68302631,-30.54373360,1d55m00.9023s,268d03m05.1349s,,
Pt34,,1128775.232,544012.395,51.139,10d12m28.7798sN,83d35m53.7939sW,51.139,2026-09-26 08:24:46.000,,,,10d12m28.7803sN,83d35m53.7940sW,52.911,Altura vertical,1.710,1.778,2026-09-26 08:24:42.000,2026-09-26 08:24:46.000,2,Fijo,34,42,Punto suave,5,0.002,0.002,0.012,0.020,0.900,0.400,0.800,0,6.905,Uso,0.28433147,-0.14818993,-31.16016922,0d19m14.2729s,176d22m04.5466s,,
Pt35,,1128769.413,544021.577,51.298,10d12m28.5900sN,83d35m53.4924sW,51.298,2026-09-26 08:25:14.000,,,,10d12m28.5893sN,83d35m53.4951sW,53.073,Altura vertical,1.710,1.778,2026-09-26 08:25:07.000,2026-09-26 08:25:14.000,3,Fijo,35,40,Punto suave,5,0.002,0.002,0.012,0.019,0.900,0.400,0.800,0,6.064,Uso,-1.00379747,-2.26248137,-45.30566940,2d28m30.2055s,248d36m27.6406s,,
Pt36,,1128775.950,544025.807,51.194,10d12m28.8027sN,83d35m53.3532sW,51.194,2026-09-26 08:27:06.000,,,,10d12m28.8016sN,83d35m53.3542sW,52.970,Altura vertical,1.710,1.778,2026-09-26 08:26:59.000,2026-09-26 08:27:06.000,3,Fijo,35,43,Punto suave,5,0.002,0.002,0.012,0.020,0.900,0.400,0.700,0,12.370,Uso,0.18026029,1.34930656,148.37680664,1d21m40.6513s,245d59m05.1503s,,
Pt37,,1128780.863,544018.310,50.950,10d12m28.9629sN,83d35m53.5993sW,50.950,2026-09-26 08:27:49.000,,,,10d12m28.9612sN,83d35m53.5978sW,52.723,Altura vertical,1.710,1.778,2026-09-26 08:27:42.000,2026-09-26 08:27:49.000,2,Fijo,35,43,Punto suave,5,0.002,0.002,0.012,0.020,0.880,0.400,0.780,0,12.113,Uso,-2.37292361,0.25067386,139.64827881,2d23m10.0315s,145d40m49.2451s,,
Pt38,,1128786.401,544010.736,50.933,10d12m29.1434sN,83d35m53.8480sW,50.933,2026-09-26 08:28:34.000,,,,10d12m29.1432sN,83d35m53.8444sW,52.711,Altura vertical,1.710,1.778,2026-09-26 08:28:27.000,2026-09-26 08:28:34.000,2,Fijo,34,43,Punto suave,5,0.002,0.002,0.012,0.020,0.900,0.400,0.800,0,17.975,Uso,-1.93226583,-0.91065227,155.54762268,2d08m09.7082s,130d18m27.6064s,,
Pt39,,1128791.518,544003.524,50.824,10d12m29.3103sN,83d35m54.0847sW,50.824,2026-09-26 08:28:57.000,,,,10d12m29.3101sN,83d35m54.0834sW,52.604,Altura vertical,1.710,1.778,2026-09-26 08:28:53.000,2026-09-26 08:28:57.000,3,Fijo,34,43,Punto suave,5,0.002,0.002,0.012,0.020,0.900,0.400,0.800,0,25.450,Uso,-2.25898598,-3.02444199,158.53457642,3d46m27.5685s,105d15m30.0794s,,
Pt40,,1128796.839,543996.213,50.874,10d12m29.4838sN,83d35m54.3247sW,50.874,2026-09-26 08:29:29.000,,,,10d12m29.4818sN,83d35m54.3223sW,52.647,Altura vertical,1.710,1.778,2026-09-26 08:29:25.000,2026-09-26 08:29:29.000,3,Fijo,35,44,Punto suave,5,0.002,0.002,0.012,0.020,0.900,0.400,0.800,0,33.821,Uso,-2.68821850,-1.13082443,158.14044495,2d54m58.3951s,135d18m56.7194s,,
Pt41,,1128801.999,543989.281,50.859,10d12m29.6520sN,83d35m54.5523sW,50.859,2026-09-26 08:29:55.000,,,,10d12m29.6482sN,83d35m54.5509sW,52.631,Altura vertical,1.710,1.778,2026-09-26 08:29:48.000,2026-09-26 08:29:55.000,3,Fijo,35,44,Punto suave,5,0.002,0.002,0.012,0.020,0.900,0.400,0.800,0,42.105,Uso,-4.59073658,-0.14006073,159.32313538,4d35m34.3251s,157d34m25.4737s,,
Pt42,,1128807.193,543981.885,50.768,10d12m29.8214sN,83d35m54.7951sW,50.768,2026-09-26 08:30:15.000,,,,10d12m29.8184sN,83d35m54.7939sW,52.538,Altura vertical,1.710,1.778,2026-09-26 08:30:08.000,2026-09-26 08:30:15.000,3,Fijo,35,44,Punto suave,5,0.002,0.002,0.012,0.020,0.900,0.400,0.800,0,50.841,Uso,-3.29150863,0.94458034,139.33605042,3d25m27.1903s,155d21m28.5705s,,
Pt43,,1128812.478,543973.674,50.625,10d12m29.9937sN,83d35m55.0647sW,50.625,2026-09-26 08:30:47.000,,,,10d12m29.9916sN,83d35m55.0619sW,52.399,Altura vertical,1.710,1.778,2026-09-26 08:30:43.000,2026-09-26 08:30:47.000,3,Fijo,37,44,Punto suave,5,0.002,0.002,0.012,0.020,0.860,0.400,0.760,0,60.297,Uso,-2.98370671,-1.76372306,156.44385376,3d27m56.1750s,125d50m11.3042s,,
Pt44,,1128817.640,543966.092,50.568,10d12m30.1620sN,83d35m55.3136sW,50.568,2026-09-26 08:31:09.000,,,,10d12m30.1580sN,83d35m55.3093sW,52.336,Altura vertical,1.710,1.778,2026-09-26 08:31:05.000,2026-09-26 08:31:09.000,3,Fijo,38,44,Punto suave,5,0.002,0.002,0.012,0.020,0.800,0.400,0.700,0,69.301,Uso,-5.34633207,-1.74280517,151.64886780,5d37m20.7788s,133d33m50.8411s,,
Pt45,,1128822.875,543958.335,50.478,10d12m30.3328sN,83d35m55.5683sW,50.478,2026-09-26 08:31:43.000,,,,10d12m30.3285sN,83d35m55.5649sW,52.245,Altura vertical,1.710,1.778,2026-09-26 08:31:36.000,2026-09-26 08:31:43.000,3,Fijo,37,44,Punto suave,5,0.002,0.002,0.012,0.020,0.800,0.400,0.700,0,78.522,Uso,-5.17106991,-0.69981422,158.99102478,5d13m05.0930s,151d16m23.2953s,,
Pt46,,1128827.710,543950.746,50.507,10d12m30.4904sN,83d35m55.8175sW,50.507,2026-09-26 08:32:03.000,,,,10d12m30.4883sN,83d35m55.8138sW,52.275,Altura vertical,1.710,1.778,2026-09-26 08:31:56.000,2026-09-26 08:32:03.000,3,Fijo,37,44,Punto suave,5,0.002,0.002,0.012,0.020,0.800,0.400,0.700,0,87.380,Uso,-3.17472425,-2.22719929,149.04211731,3d52m38.6316s,113d57m48.6699s,,
Pt47,,1128832.954,543942.780,50.387,10d12m30.6615sN,83d35m56.0790sW,50.387,2026-09-26 08:32:24.000,,,,10d12m30.6576sN,83d35m56.0762sW,52.155,Altura vertical,1.710,1.778,2026-09-26 08:32:17.000,2026-09-26 08:32:24.000,3,Fijo,35,45,Punto suave,5,0.002,0.002,0.012,0.021,0.900,0.420,0.800,0,96.817,Uso,-5.02037449,-2.08912377,167.12292480,5d26m12.0257s,144d29m39.3629s,,
Pt48,,1128837.891,543934.533,50.360,10d12m30.8225sN,83d35m56.3498sW,50.360,2026-09-26 08:32:50.000,,,,10d12m30.8224sN,83d35m56.3489sW,52.139,Altura vertical,1.710,1.778,2026-09-26 08:32:42.000,2026-09-26 08:32:50.000,2,Fijo,37,45,Punto suave,5,0.002,0.002,0.012,0.023,0.860,0.400,0.700,0,106.286,Uso,-0.50174966,-0.18570232,141.36436462,0d32m06.0410s,121d03m14.6474s,,
Pt49,,1128843.373,543925.868,50.231,10d12m31.0013sN,83d35m56.6343sW,50.231,2026-09-26 08:33:12.000,,,,10d12m31.0010sN,83d35m56.6329sW,52.010,Altura vertical,1.710,1.778,2026-09-26 08:33:05.000,2026-09-26 08:33:12.000,3,Fijo,37,45,Punto suave,5,0.002,0.002,0.012,0.023,0.840,0.400,0.740,0,116.448,Uso,-1.07642040,-0.70320569,145.88039856,1d17m08.6550s,112d43m18.0829s,,
Pt50,,1128848.771,543917.819,50.120,10d12m31.1773sN,83d35m56.8985sW,50.120,2026-09-26 08:33:47.000,,,,10d12m31.1750sN,83d35m56.8947sW,51.894,Altura vertical,1.710,1.778,2026-09-26 08:33:43.000,2026-09-26 08:33:47.000,3,Fijo,37,45,Punto suave,5,0.002,0.002,0.012,0.023,0.800,0.400,0.700,0,126.095,Uso,-2.98337736,-3.42215834,171.22405701,4d32m19.8443s,122d15m31.6982s,,
Pt51,,1128855.761,543907.069,50.508,10d12m31.4053sN,83d35m57.2515sW,50.508,2026-09-26 08:34:11.000,,,,10d12m31.4045sN,83d35m57.2486sW,52.291,Altura vertical,1.710,1.778,2026-09-26 08:34:03.000,2026-09-26 08:34:11.000,3,Fijo,34,45,Punto suave,5,0.002,0.002,0.013,0.024,0.960,0.420,0.820,0,138.851,Uso,-1.75962923,-2.70766900,154.40786743,3d13m43.8537s,97d24m10.2065s,,
Pt52,,1128863.774,543912.008,50.085,10d12m31.6659sN,83d35m57.0889sW,50.085,2026-09-26 08:34:55.000,,,,10d12m31.6649sN,83d35m57.0877sW,51.853,Altura vertical,1.710,1.778,2026-09-26 08:34:49.000,2026-09-26 08:34:55.000,3,Fijo,35,45,Punto suave,5,0.002,0.002,0.014,0.025,0.960,0.420,0.860,0,140.308,Uso,1.44330224,-0.77211286,-93.18667145,1d38m12.5232s,114d57m44.6806s,,
Pt53,,1128858.844,543919.543,49.999,10d12m31.5051sN,83d35m56.8415sW,49.999,2026-09-26 08:37:46.000,,,,10d12m31.5042sN,83d35m56.8395sW,51.781,Altura vertical,1.710,1.778,2026-09-26 08:37:42.000,2026-09-26 08:37:46.000,2,Fijo,35,43,Punto suave,5,0.002,0.002,0.013,0.022,0.920,0.440,0.720,0,131.428,Uso,2.31484516,1.44040902,-26.68599968,2d43m34.3139s,121d24m34.9655s,,
Pt54,,1128853.518,543927.308,50.051,10d12m31.3314sN,83d35m56.5865sW,50.051,2026-09-26 08:38:09.000,,,,10d12m31.3316sN,83d35m56.5868sW,51.829,Altura vertical,1.710,1.778,2026-09-26 08:38:05.000,2026-09-26 08:38:09.000,3,Fijo,35,42,Punto suave,5,0.002,0.002,0.012,0.024,0.900,0.440,0.760,0,122.126,Uso,-0.02003109,-0.21057532,-18.71012192,0d12m41.4933s,256d43m25.6607s,,
Pt55,,1128848.599,543935.008,50.093,10d12m31.1710sN,83d35m56.3337sW,50.093,2026-09-26 08:38:46.000,,,,10d12m31.1723sN,83d35m56.3320sW,51.865,Altura vertical,1.710,1.778,2026-09-26 08:38:39.000,2026-09-26 08:38:46.000,3,Fijo,37,43,Punto suave,5,0.002,0.002,0.012,0.022,0.800,0.400,0.700,0,113.175,Uso,0.18760219,1.19574865,-31.21468658,1d12m37.3450s,67d42m01.9096s,,
Pt56,,1128843.493,543943.119,50.317,10d12m31.0045sN,83d35m56.0674sW,50.317,2026-09-26 08:39:16.000,,,,10d12m31.0077sN,83d35m56.0687sW,52.094,Altura vertical,1.710,1.778,2026-09-26 08:39:09.000,2026-09-26 08:39:16.000,3,Fijo,35,44,Punto suave,5,0.002,0.002,0.012,0.022,0.800,0.400,0.700,0,103.836,Uso,-3.25796285,-0.54872363,-10.08599510,3d18m13.6803s,340d20m53.9581s,,
Pt57,,1128838.440,543951.543,50.336,10d12m30.8397sN,83d35m55.7908sW,50.336,2026-09-26 08:39:38.000,,,,10d12m30.8386sN,83d35m55.7946sW,52.106,Altura vertical,1.710,1.778,2026-09-26 08:39:34.000,2026-09-26 08:39:38.000,2,Fijo,36,44,Punto suave,5,0.002,0.002,0.012,0.021,0.800,0.400,0.700,0,94.373,Uso,0.08334428,-4.36056666,-19.83079185,4d21m40.9015s,249d04m34.8668s,,
Pt58,,1128833.199,543959.698,50.335,10d12m30.6688sN,83d35m55.5231sW,50.335,2026-09-26 08:40:03.000,,,,10d12m30.6691sN,83d35m55.5232sW,52.105,Altura vertical,1.710,1.778,2026-09-26 08:39:56.000,2026-09-26 08:40:03.000,3,Fijo,37,44,Punto suave,5,0.002,0.002,0.012,0.021,0.840,0.400,0.740,0,85.026,Uso,0.62004326,-0.53192457,-20.22627754,0d49m00.9738s,200d24m02.9547s,,
Pt59,,1128828.642,543967.457,50.467,10d12m30.5201sN,83d35m55.2683sW,50.467,2026-09-26 08:40:26.000,,,,10d12m30.5231sN,83d35m55.2713sW,52.242,Altura vertical,1.710,1.778,2026-09-26 08:40:19.000,2026-09-26 08:40:26.000,3,Fijo,37,44,Punto suave,5,0.002,0.002,0.012,0.021,0.800,0.400,0.700,0,76.546,Uso,-3.85604124,-1.14574577,-33.60093689,4d01m20.6861s,309d50m12.8209s,,
Pt60,,1128823.594,543974.920,50.499,10d12m30.3555sN,83d35m55.0233sW,50.499,2026-09-26 08:40:47.000,,,,10d12m30.3593sN,83d35m55.0234sW,52.274,Altura vertical,1.710,1.778,2026-09-26 08:40:43.000,2026-09-26 08:40:47.000,3,Fijo,37,44,Punto suave,5,0.002,0.002,0.012,0.022,0.800,0.400,0.700,0,67.982,Uso,-3.54154325,-0.06485841,-17.55580330,3d32m31.6908s,341d23m39.6719s,,
Pt61,,1128818.647,543982.285,50.579,10d12m30.1942sN,83d35m54.7815sW,50.579,2026-09-26 08:41:07.000,,,,10d12m30.1955sN,83d35m54.7814sW,52.361,Altura vertical,1.710,1.778,2026-09-26 08:41:00.000,2026-09-26 08:41:07.000,2,Fijo,37,44,Punto suave,5,0.002,0.002,0.012,0.022,0.800,0.400,0.700,0,59.687,Uso,-0.18588920,0.92465194,-36.41410751,0d56m35.3421s,42d13m11.3689s,,
Pt62,,1128813.576,543990.137,50.722,10d12m30.0288sN,83d35m54.5237sW,50.722,2026-09-26 08:41:27.000,,,,10d12m30.0267sN,83d35m54.5243sW,52.491,Altura vertical,1.710,1.778,2026-09-26 08:41:20.000,2026-09-26 08:41:27.000,3,Fijo,38,44,Punto suave,5,0.002,0.002,0.012,0.021,0.800,0.400,0.700,0,51.236,Uso,-0.73286136,-1.67627112,-41.30213242,1d49m45.9512s,252d18m22.0207s,,
Pt63,,1128808.443,543997.592,50.663,10d12m29.8614sN,83d35m54.2789sW,50.663,2026-09-26 08:41:51.000,,,,10d12m29.8624sN,83d35m54.2750sW,52.422,Altura vertical,1.710,1.778,2026-09-26 08:41:47.000,2026-09-26 08:41:51.000,3,Fijo,38,44,Punto suave,5,0.002,0.002,0.012,0.022,0.800,0.400,0.700,0,43.261,Uso,1.14723203,2.82401502,-32.63106689,3d02m52.7009s,79d27m37.6027s,,
Pt64,,1128803.626,544005.100,50.661,10d12m29.7043sN,83d35m54.0324sW,50.661,2026-09-26 08:42:13.000,,,,10d12m29.7039sN,83d35m54.0338sW,52.426,Altura vertical,1.710,1.778,2026-09-26 08:42:06.000,2026-09-26 08:42:13.000,3,Fijo,37,44,Punto suave,5,0.002,0.002,0.012,0.022,0.800,0.400,0.700,0,36.090,Uso,-0.84567697,0.07783124,-16.31928844,0d50m57.3026s,348d56m21.3540s,,
Pt65,,1128798.131,544012.922,50.796,10d12m29.5252sN,83d35m53.7757sW,50.796,2026-09-26 08:42:34.000,,,,10d12m29.5256sN,83d35m53.7706sW,52.566,Altura vertical,1.710,1.778,2026-09-26 08:42:27.000,2026-09-26 08:42:34.000,3,Fijo,36,44,Punto suave,5,0.002,0.002,0.012,0.022,0.800,0.400,0.700,0,29.174,Uso,2.51335452,2.40335500,-52.11052094,3d28m37.1127s,84d08m42.5343s,,
Pt66,,1128793.708,544021.322,50.818,10d12m29.3808sN,83d35m53.4998sW,50.818,2026-09-26 08:42:55.000,,,,10d12m29.3843sN,83d35m53.5009sW,52.577,Altura vertical,1.710,1.778,2026-09-26 08:42:48.000,2026-09-26 08:42:55.000,3,Fijo,38,44,Punto suave,5,0.002,0.002,0.012,0.022,0.800,0.400,0.700,0,25.307,Uso,-2.36512550,1.84555838,-49.67093353,2d59m58.7816s,348d18m44.1235s,,
Pt67,,1128786.832,544032.956,51.067,10d12m29.1566sN,83d35m53.1178sW,51.067,2026-09-26 08:43:21.000,,,,10d12m29.1560sN,83d35m53.1176sW,52.849,Altura vertical,1.710,1.778,2026-09-26 08:43:13.000,2026-09-26 08:43:21.000,3,Fijo,37,44,Punto suave,5,0.002,0.002,0.011,0.025,0.800,0.400,0.700,0,24.885,Uso,-0.67226798,-0.02675105,153.55498962,0d40m22.0800s,151d16m34.3638s,,
Pt68,,1128793.195,544037.406,50.950,10d12m29.3635sN,83d35m52.9713sW,50.950,2026-09-26 08:47:53.000,,,,10d12m29.3644sN,83d35m52.9719sW,52.725,Altura vertical,1.710,1.778,2026-09-26 08:47:49.000,2026-09-26 08:47:53.000,3,Fijo,37,45,Punto suave,5,0.002,0.002,0.012,0.023,0.800,0.400,0.700,0,32.569,Uso,0.77795500,0.24060011,166.13709106,0d48m51.5117s,328d57m03.9491s,,
Pt69,,1128798.286,544029.448,50.802,10d12m29.5295sN,83d35m53.2326sW,50.802,2026-09-26 08:49:03.000,,,,10d12m29.5292sN,83d35m53.2322sW,52.581,Altura vertical,1.710,1.778,2026-09-26 08:48:59.000,2026-09-26 08:49:03.000,3,Fijo,39,45,Punto suave,5,0.002,0.002,0.012,0.022,0.760,0.400,0.660,0,32.362,Uso,-1.11219809,-0.74585175,143.27671204,1d20m20.7879s,109d25m38.3841s,,
Pt70,,1128803.795,544021.887,50.718,10d12m29.7092sN,83d35m53.4808sW,50.718,2026-09-26 08:49:29.000,,,,10d12m29.7078sN,83d35m53.4810sW,52.494,Altura vertical,1.710,1.778,2026-09-26 08:49:22.000,2026-09-26 08:49:29.000,3,Fijo,37,45,Punto suave,5,0.002,0.002,0.012,0.023,0.800,0.400,0.700,0,35.301,Uso,-1.07043586,0.61623895,155.47597656,1d14m06.4579s,185d24m25.0777s,,
Pt71,,1128808.993,544014.670,50.730,10d12m29.8786sN,83d35m53.7178sW,50.730,2026-09-26 08:49:48.000,,,,10d12m29.8761sN,83d35m53.7174sW,52.505,Altura vertical,1.710,1.778,2026-09-26 08:49:41.000,2026-09-26 08:49:48.000,2,Fijo,40,45,Punto suave,5,0.002,0.002,0.012,0.022,0.740,0.400,0.640,0,39.929,Uso,-3.61587944,-1.16322483,147.67875061,3d47m53.3096s,129d49m56.7495s,,
Pt72,,1128814.252,544006.470,50.554,10d12m30.0501sN,83d35m53.9870sW,50.554,2026-09-26 08:50:04.000,,,,10d12m30.0486sN,83d35m53.9853sW,52.325,Altura vertical,1.710,1.778,2026-09-26 08:50:00.000,2026-09-26 08:50:04.000,2,Fijo,40,45,Punto suave,5,0.002,0.002,0.012,0.023,0.800,0.400,0.700,0,46.078,Uso,-3.94522340,-1.89506943,157.77532349,4d22m34.0203s,132d05m32.6462s,,
Pt73,,1128819.326,543998.572,50.619,10d12m30.2156sN,83d35m54.2463sW,50.619,2026-09-26 08:50:40.000,,,,10d12m30.2153sN,83d35m54.2463sW,52.396,Altura vertical,1.710,1.778,2026-09-26 08:50:33.000,2026-09-26 08:50:40.000,2,Fijo,40,45,Punto suave,5,0.002,0.002,0.012,0.023,0.780,0.400,0.680,0,53.037,Uso,-0.70618476,0.29312293,148.16507568,0d45m52.5611s,170d42m29.1968s,,
Pt74,,1128824.327,543991.291,50.510,10d12m30.3787sN,83d35m54.4853sW,50.510,2026-09-26 08:50:58.000,,,,10d12m30.3790sN,83d35m54.4822sW,52.284,Altura vertical,1.710,1.778,2026-09-26 08:50:51.000,2026-09-26 08:50:58.000,2,Fijo,39,45,Punto suave,5,0.002,0.002,0.012,0.023,0.720,0.400,0.620,0,60.336,Uso,-2.02713772,-2.91093130,132.59084167,3d32m48.2169s,77d24m54.0006s,,
Pt75,,1128829.196,543983.194,50.448,10d12m30.5375sN,83d35m54.7512sW,50.448,2026-09-26 08:51:13.000,,,,10d12m30.5391sN,83d35m54.7496sW,52.218,Altura vertical,1.710,1.778,2026-09-26 08:51:09.000,2026-09-26 08:51:13.000,3,Fijo,38,45,Punto suave,5,0.002,0.002,0.012,0.023,0.800,0.400,0.700,0,68.267,Uso,-0.27601237,-3.06904669,137.22151184,3d04m53.1169s,52d21m20.2652s,,
Pt76,,1128834.460,543975.281,50.533,10d12m30.7092sN,83d35m55.0110sW,50.533,2026-09-26 08:51:32.000,,,,10d12m30.7034sN,83d35m55.0060sW,52.291,Altura vertical,1.710,1.778,2026-09-26 08:51:28.000,2026-09-26 08:51:32.000,2,Fijo,38,45,Punto suave,5,0.002,0.002,0.012,0.023,0.800,0.400,0.700,0,76.782,Uso,-7.65358191,-3.18846779,160.44121704,8d17m15.0942s,137d44m34.9751s,,
Pt77,,1128839.449,543967.880,50.275,10d12m30.8718sN,83d35m55.2540sW,50.275,2026-09-26 08:51:59.000,,,,10d12m30.8695sN,83d35m55.2560sW,52.045,Altura vertical,1.710,1.778,2026-09-26 08:51:52.000,2026-09-26 08:51:59.000,2,Fijo,40,45,Punto suave,5,0.002,0.002,0.012,0.023,0.700,0.400,0.600,0,84.990,Uso,-0.44783880,2.78022213,125.06738739,2d48m57.7159s,205d55m26.1356s,,
Pt78,,1128844.466,543960.266,50.208,10d12m31.0355sN,83d35m55.5039sW,50.208,2026-09-26 08:52:18.000,,,,10d12m31.0342sN,83d35m55.5045sW,51.976,Altura vertical,1.710,1.778,2026-09-26 08:52:11.000,2026-09-26 08:52:18.000,2,Fijo,40,45,Punto suave,5,0.002,0.002,0.012,0.023,0.700,0.400,0.600,0,93.479,Uso,-1.79733979,-0.13715030,131.89137878,1d48m09.2278s,127d31m37.2821s,,
Pt79,,1128849.552,543951.946,50.235,10d12m31.2014sN,83d35m55.7771sW,50.235,2026-09-26 08:52:43.000,,,,10d12m31.2010sN,83d35m55.7778sW,52.006,Altura vertical,1.710,1.778,2026-09-26 08:52:39.000,2026-09-26 08:52:43.000,3,Fijo,39,46,Punto suave,5,0.002,0.002,0.012,0.023,0.800,0.400,0.700,0,102.568,Uso,-0.18680059,0.93162990,113.04727631,0d57m00.6170s,191d42m36.9845s,,
Pt80,,1128855.114,543943.482,50.148,10d12m31.3827sN,83d35m56.0550sW,50.148,2026-09-26 08:53:29.000,,,,10d12m31.3805sN,83d35m56.0529sW,51.921,Altura vertical,1.710,1.778,2026-09-26 08:53:22.000,2026-09-26 08:53:29.000,2,Fijo,37,46,Punto suave,5,0.002,0.002,0.012,0.024,0.800,0.400,0.700,0,112.225,Uso,-3.22504511,-1.26817017,157.67164612,3d27m54.6481s,136d11m31.6698s,,
Pt81,,1128859.974,543933.770,50.088,10d12m31.5413sN,83d35m56.3740sW,50.088,2026-09-26 08:53:54.000,,,,10d12m31.5425sN,83d35m56.3761sW,51.839,Altura vertical,1.710,1.778,2026-09-26 08:53:50.000,2026-09-26 08:53:54.000,2,Fijo,37,45,Punto suave,5,0.002,0.002,0.012,0.024,0.840,0.400,0.740,0,122.264,Uso,0.42259314,-3.05875543,121.95233765,3d05m16.0166s,24d05m37.2658s,,
Pt82,,1128865.262,543925.136,49.995,10d12m31.7138sN,83d35m56.6574sW,49.995,2026-09-26 08:54:13.000,,,,10d12m31.7136sN,83d35m56.6573sW,51.772,Altura vertical,1.710,1.778,2026-09-26 08:54:06.000,2026-09-26 08:54:13.000,2,Fijo,35,46,Punto suave,5,0.002,0.002,0.012,0.025,0.820,0.440,0.700,0,132.002,Uso,-0.78620255,-0.71691687,143.50414734,1d03m50.3255s,101d08m27.3159s,,
Pt83,,1128870.750,543915.247,50.434,10d12m31.8928sN,83d35m56.9822sW,50.434,2026-09-26 08:54:44.000,,,,10d12m31.8940sN,83d35m56.9828sW,52.208,Altura vertical,1.710,1.778,2026-09-26 08:54:37.000,2026-09-26 08:54:44.000,2,Fijo,36,46,Punto suave,5,0.002,0.002,0.013,0.027,0.840,0.400,0.700,0,142.815,Uso,0.04433519,1.12111952,-71.80435944,1d07m19.1845s,20d27m35.8554s,,
Pt84,,1128878.181,543919.142,50.130,10d12m32.1345sN,83d35m56.8539sW,50.130,2026-09-26 08:55:12.000,,,,10d12m32.1370sN,83d35m56.8549sW,51.895,Altura vertical,1.710,1.778,2026-09-26 08:55:08.000,2026-09-26 08:55:12.000,2,Fijo,35,43,Punto suave,5,0.002,0.002,0.012,0.028,0.980,0.420,0.840,0,145.591,Uso,-1.99258268,-0.38770410,-24.82649727,2d01m47.7691s,324d09m37.7962s,,
Pt85,,1128873.537,543926.757,49.964,10d12m31.9831sN,83d35m56.6038sW,49.964,2026-09-26 09:00:08.000,,,,10d12m31.9866sN,83d35m56.6061sW,51.736,Altura vertical,1.710,1.778,2026-09-26 09:00:01.000,2026-09-26 09:00:08.000,2,Fijo,36,46,Punto suave,5,0.002,0.002,0.012,0.026,0.800,0.400,0.700,0,137.093,Uso,-4.08357935,0.42287572,-30.06750031,4d06m19.3664s,335d50m59.2064s,,
Pt86,,1128869.195,543932.793,49.907,10d12m31.8415sN,83d35m56.4057sW,49.907,2026-09-26 09:00:40.000,,,,10d12m31.8425sN,83d35m56.4042sW,51.686,Altura vertical,1.710,1.778,2026-09-26 09:00:33.000,2026-09-26 09:00:40.000,3,Fijo,39,46,Punto suave,5,0.002,0.002,0.012,0.025,0.800,0.400,0.700,0,129.888,Uso,0.28191817,1.23213027,-25.91042099,1d15m50.2784s,76d58m31.2752s,,
Pt87,,1128864.351,543940.963,49.913,10d12m31.6835sN,83d35m56.1374sW,49.913,2026-09-26 09:01:02.000,,,,10d12m31.6858sN,83d35m56.1360sW,51.682,Altura vertical,1.710,1.778,2026-09-26 09:00:55.000,2026-09-26 09:01:02.000,3,Fijo,38,45,Punto suave,5,0.002,0.002,0.012,0.025,0.860,0.400,0.700,0,120.992,Uso,-1.95040185,1.92303593,-30.41781349,2d44m19.4700s,14d11m37.2797s,,
Pt88,,1128858.967,543948.510,50.015,10d12m31.5079sN,83d35m55.8896sW,50.015,2026-09-26 09:01:25.000,,,,10d12m31.5131sN,83d35m55.8905sW,51.784,Altura vertical,1.710,1.778,2026-09-26 09:01:21.000,2026-09-26 09:01:25.000,3,Fijo,37,45,Punto suave,5,0.002,0.002,0.012,0.025,0.880,0.400,0.700,0,112.130,Uso,-3.47787595,3.23648248,-32.60204353,4d44m58.1313s,10d23m12.9161s,,
Pt89,,1128853.859,543956.630,50.177,10d12m31.3413sN,83d35m55.6230sW,50.177,2026-09-26 09:01:45.000,,,,10d12m31.3435sN,83d35m55.6246sW,51.952,Altura vertical,1.710,1.778,2026-09-26 09:01:41.000,2026-09-26 09:01:45.000,3,Fijo,37,45,Punto suave,5,0.002,0.002,0.012,0.025,0.800,0.400,0.700,0,103.238,Uso,-2.37410665,-0.51260242,-25.35603600,2d25m43.6235s,322d27m22.8612s,,
Pt90,,1128848.808,543964.086,50.190,10d12m31.1766sN,83d35m55.3782sW,50.190,2026-09-26 09:02:09.000,,,,10d12m31.1822sN,83d35m55.3802sW,51.960,Altura vertical,1.710,1.778,2026-09-26 09:02:02.000,2026-09-26 09:02:09.000,2,Fijo,40,45,Punto suave,5,0.002,0.002,0.012,0.025,0.800,0.400,0.700,0,94.892,Uso,-6.47051945,-0.37019401,-19.07126312,6d28m51.8004s,337d38m50.1934s,,
Pt91,,1128843.808,543971.592,50.287,10d12m31.0136sN,83d35m55.1318sW,50.287,2026-09-26 09:02:29.000,,,,10d12m31.0182sN,83d35m55.1339sW,52.054,Altura vertical,1.710,1.778,2026-09-26 09:02:22.000,2026-09-26 09:02:29.000,2,Fijo,40,45,Punto suave,5,0.002,0.002,0.012,0.024,0.800,0.400,0.700,0,86.695,Uso,-4.64882927,-0.00744930,-22.14946556,4d38m55.8068s,337d45m31.0419s,,
Pt92,,1128838.580,543979.630,50.366,10d12m30.8431sN,83d35m54.8679sW,50.366,2026-09-26 09:02:49.000,,,,10d12m30.8461sN,83d35m54.8691sW,52.136,Altura vertical,1.710,1.778,2026-09-26 09:02:42.000,2026-09-26 09:02:49.000,3,Fijo,40,45,Punto suave,5,0.002,0.002,0.012,0.025,0.800,0.400,0.700,0,78.230,Uso,-2.73290579,0.09676470,-18.24354172,2d44m04.6213s,343d47m06.2448s,,
Pt93,,1128833.460,543987.319,50.487,10d12m30.6761sN,83d35m54.6155sW,50.487,2026-09-26 09:03:09.000,,,,10d12m30.6780sN,83d35m54.6164sW,52.261,Altura vertical,1.710,1.778,2026-09-26 09:03:02.000,2026-09-26 09:03:09.000,2,Fijo,39,44,Punto suave,5,0.002,0.002,0.012,0.025,0.800,0.400,0.700,0,70.296,Uso,-2.80799286,0.16679433,-20.07112770,2d48m46.5780s,343d19m46.5806s,,
Pt94,,1128828.593,543994.685,50.521,10d12m30.5174sN,83d35m54.3736sW,50.521,2026-09-26 09:03:30.000,,,,10d12m30.5210sN,83d35m54.3764sW,52.288,Altura vertical,1.710,1.778,2026-09-26 09:03:22.000,2026-09-26 09:03:30.000,2,Fijo,40,44,Punto suave,5,0.002,0.002,0.012,0.024,0.800,0.400,0.700,0,63.064,Uso,-4.58498788,-1.57186664,-27.90795784,4d50m47.0434s,313d08m44.3634s,,
Pt95,,1128823.485,544002.743,50.560,10d12m30.3508sN,83d35m54.1091sW,50.560,2026-09-26 09:04:00.000,,,,10d12m30.3538sN,83d35m54.1117sW,52.336,Altura vertical,1.710,1.778,2026-09-26 09:03:53.000,2026-09-26 09:04:00.000,2,Fijo,40,44,Punto suave,5,0.002,0.002,0.012,0.024,0.800,0.400,0.700,0,55.894,Uso,-3.09555678,-0.21615708,-32.15458374,3d06m11.1139s,323d50m56.7013s,,
Pt96,,1128818.628,544011.139,50.576,10d12m30.1924sN,83d35m53.8334sW,50.576,2026-09-26 09:04:21.000,,,,10d12m30.1946sN,83d35m53.8371sW,52.343,Altura vertical,1.710,1.778,2026-09-26 09:04:14.000,2026-09-26 09:04:21.000,2,Fijo,38,44,Punto suave,5,0.002,0.002,0.012,0.025,0.800,0.400,0.700,0,49.749,Uso,-4.26873322,-1.76539779,-37.35008392,4d37m07.5359s,300d09m23.4439s,,
Pt97,,1128813.123,544018.248,50.661,10d12m30.0129sN,83d35m53.6000sW,50.661,2026-09-26 09:04:41.000,,,,10d12m30.0185sN,83d35m53.5992sW,52.430,Altura vertical,1.710,1.778,2026-09-26 09:04:34.000,2026-09-26 09:04:41.000,2,Fijo,38,44,Punto suave,5,0.002,0.002,0.012,0.025,0.800,0.400,0.700,0,44.134,Uso,-4.56974497,1.75655656,-19.74435768,4d53m42.1799s,1d18m29.4963s,,
Pt98,,1128807.539,544026.618,50.615,10d12m29.8308sN,83d35m53.3252sW,50.615,2026-09-26 09:05:12.000,,,,10d12m29.8319sN,83d35m53.3259sW,52.393,Altura vertical,1.710,1.778,2026-09-26 09:05:05.000,2026-09-26 09:05:12.000,3,Fijo,40,44,Punto suave,5,0.002,0.002,0.012,0.025,0.800,0.400,0.700,0,40.034,Uso,-1.13732848,0.35577794,-30.57218857,1d11m30.0120s,346d47m59.1616s,,
Pt99,,1128802.906,544033.695,50.659,10d12m29.6797sN,83d35m53.0929sW,50.659,2026-09-26 09:05:42.000,,,,10d12m29.6803sN,83d35m53.0955sW,52.435,Altura vertical,1.710,1.778,2026-09-26 09:05:35.000,2026-09-26 09:05:42.000,2,Fijo,39,44,Punto suave,5,0.002,0.002,0.012,0.025,0.800,0.400,0.700,0,38.405,Uso,-1.53220334,-1.60559902,-33.11998520,2d13m09.2271s,280d31m44.9854s,,
Pt100,,1128798.647,544040.383,50.768,10d12m29.5408sN,83d35m52.8733sW,50.768,2026-09-26 09:06:06.000,,,,10d12m29.5378sN,83d35m52.8764sW,52.542,Altura vertical,1.710,1.778,2026-09-26 09:06:02.000,2026-09-26 09:06:06.000,2,Fijo,39,44,Punto suave,5,0.002,0.002,0.012,0.025,0.800,0.400,0.700,0,38.635,Uso,0.34985935,-3.58745809,-38.52911987,3d36m16.0386s,225d54m29.2043s,,
Pt101,,1128806.989,544046.501,50.728,10d12m29.8121sN,83d35m52.6719sW,50.728,2026-09-26 09:08:12.000,,,,10d12m29.8130sN,83d35m52.6752sW,52.501,Altura vertical,1.710,1.778,2026-09-26 09:08:08.000,2026-09-26 09:08:12.000,2,Fijo,40,45,Punto suave,5,0.002,0.002,0.012,0.026,0.800,0.400,0.700,0,48.963,Uso,2.66377180,2.03429339,151.86523743,3d21m04.5918s,294d28m30.3054s,,
Pt102,,1128812.684,544038.541,50.458,10d12m29.9978sN,83d35m52.9332sW,50.458,2026-09-26 09:08:49.000,,,,10d12m29.9965sN,83d35m52.9322sW,52.234,Altura vertical,1.710,1.778,2026-09-26 09:08:42.000,2026-09-26 09:08:49.000,2,Fijo,40,45,Punto suave,5,0.002,0.002,0.012,0.025,0.800,0.400,0.700,0,49.314,Uso,-2.06946065,-0.34827658,152.33727417,2d05m54.7792s,142d46m55.6865s,,
Pt103,,1128817.703,544030.742,50.471,10d12m30.1615sN,83d35m53.1893sW,50.471,2026-09-26 09:09:08.000,,,,10d12m30.1623sN,83d35m53.1895sW,52.252,Altura vertical,1.710,1.778,2026-09-26 09:09:01.000,2026-09-26 09:09:08.000,2,Fijo,39,45,Punto suave,5,0.002,0.002,0.012,0.025,0.800,0.400,0.700,0,50.957,Uso,-0.63185970,0.03115464,156.46999207,0d37m57.4582s,159d17m34.0965s,,
Pt104,,1128822.958,544022.945,50.383,10d12m30.3329sN,83d35m53.4453sW,50.383,2026-09-26 09:09:23.000,,,,10d12m30.3328sN,83d35m53.4464sW,52.159,Altura vertical,1.710,1.778,2026-09-26 09:09:19.000,2026-09-26 09:09:23.000,3,Fijo,39,45,Punto suave,5,0.002,0.002,0.012,0.025,0.800,0.400,0.700,0,54.396,Uso,-0.25116614,1.06277786,-169.12077332,1d05m31.3813s,267d35m02.4057s,,
Pt105,,1128828.144,544014.886,50.304,10d12m30.5020sN,83d35m53.7099sW,50.304,2026-09-26 09:09:43.000,,,,10d12m30.5012sN,83d35m53.7090sW,52.080,Altura vertical,1.710,1.778,2026-09-26 09:09:36.000,2026-09-26 09:09:43.000,2,Fijo,40,45,Punto suave,5,0.002,0.002,0.012,0.025,0.800,0.400,0.700,0,59.076,Uso,-1.43894758,-1.50953316,157.49912415,2d05m07.3435s,111d07m05.2160s,,
Pt106,,1128833.656,544007.896,50.265,10d12m30.6817sN,83d35m53.9393sW,50.265,2026-09-26 09:10:15.000,,,,10d12m30.6829sN,83d35m53.9432sW,52.043,Altura vertical,1.710,1.778,2026-09-26 09:10:07.000,2026-09-26 09:10:15.000,3,Fijo,39,45,Punto suave,5,0.002,0.002,0.012,0.025,0.800,0.400,0.700,0,65.034,Uso,0.58573607,2.81309881,-173.12452087,2d52m24.1826s,288d37m40.8435s,,
Pt107,,1128838.853,544000.067,50.180,10d12m30.8511sN,83d35m54.1964sW,50.180,2026-09-26 09:10:46.000,,,,10d12m30.8511sN,83d35m54.1951sW,51.954,Altura vertical,1.710,1.778,2026-09-26 09:10:42.000,2026-09-26 09:10:46.000,2,Fijo,39,45,Punto suave,5,0.002,0.002,0.012,0.026,0.800,0.400,0.700,0,71.474,Uso,-0.60738569,-1.45297830,157.07705383,1d34m29.2676s,89d45m30.9488s,,
Pt108,,1128843.787,543992.563,50.314,10d12m31.0121sN,83d35m54.4427sW,50.314,2026-09-26 09:11:15.000,,,,10d12m31.0142sN,83d35m54.4459sW,52.089,Altura vertical,1.710,1.778,2026-09-26 09:11:11.000,2026-09-26 09:11:15.000,3,Fijo,41,45,Punto suave,5,0.002,0.002,0.011,0.024,0.800,0.400,0.700,0,78.165,Uso,1.29664059,2.73402557,-164.49255371,3d01m32.5413s,310d51m42.6736s,,
Pt109,,1128848.878,543984.376,50.226,10d12m31.1781sN,83d35m54.7115sW,50.226,2026-09-26 09:11:38.000,,,,10d12m31.1796sN,83d35m54.7145sW,52.004,Altura vertical,1.710,1.778,2026-09-26 09:11:31.000,2026-09-26 09:11:38.000,2,Fijo,41,43,Punto suave,5,0.002,0.002,0.011,0.025,0.800,0.400,0.700,0,85.671,Uso,0.70688451,3.29002457,-170.40867004,3d21m54.0926s,291d42m14.8995s,,
Pt110,,1128853.907,543976.587,50.160,10d12m31.3421sN,83d35m54.9673sW,50.160,2026-09-26 09:11:52.000,,,,10d12m31.3411sN,83d35m54.9686sW,51.919,Altura vertical,1.710,1.778,2026-09-26 09:11:45.000,2026-09-26 09:11:52.000,3,Fijo,41,45,Punto suave,5,0.002,0.002,0.012,0.024,0.800,0.400,0.700,0,93.347,Uso,-1.27825389,0.66382994,-169.33534546,1d26m25.1625s,218d06m41.9532s,,
Pt111,,1128859.064,543968.842,50.061,10d12m31.5103sN,83d35m55.2215sW,50.061,2026-09-26 09:12:19.000,,,,10d12m31.5104sN,83d35m55.2225sW,51.840,Altura vertical,1.710,1.778,2026-09-26 09:12:12.000,2026-09-26 09:12:19.000,2,Fijo,39,45,Punto suave,5,0.002,0.002,0.012,0.025,0.800,0.400,0.700,0,101.383,Uso,0.30006823,0.87710621,154.58216248,0d55m37.2393s,263d28m01.6494s,,
Pt112,,1128863.936,543961.156,50.102,10d12m31.6692sN,83d35m55.4739sW,50.102,2026-09-26 09:12:34.000,,,,10d12m31.6705sN,83d35m55.4755sW,51.871,Altura vertical,1.710,1.778,2026-09-26 09:12:30.000,2026-09-26 09:12:34.000,2,Fijo,39,45,Punto suave,5,0.002,0.002,0.012,0.025,0.800,0.400,0.700,0,109.344,Uso,1.20167290,1.11152284,107.55834961,1d38m12.7058s,244d47m04.1236s,,
Pt113,,1128872.814,543946.435,49.895,10d12m31.9587sN,83d35m55.9573sW,49.895,2026-09-26 09:13:10.000,,,,10d12m31.9581sN,83d35m55.9607sW,51.667,Altura vertical,1.710,1.778,2026-09-26 09:13:03.000,2026-09-26 09:13:10.000,3,Fijo,38,45,Punto suave,5,0.002,0.002,0.013,0.025,0.820,0.400,0.700,0,124.649,Uso,-0.69948039,2.51282432,104.84202271,2d36m29.8912s,179d17m47.6952s,,
Pt114,,1128877.758,543938.083,49.973,10d12m32.1200sN,83d35m56.2315sW,49.973,2026-09-26 09:13:29.000,,,,10d12m32.1223sN,83d35m56.2333sW,51.747,Altura vertical,1.710,1.778,2026-09-26 09:13:22.000,2026-09-26 09:13:29.000,2,Fijo,40,45,Punto suave,5,0.002,0.002,0.012,0.025,0.800,0.400,0.700,0,133.460,Uso,0.72434200,1.08927819,167.08664246,1d18m29.1730s,290d42m20.3074s,,
Pt115,,1128884.695,543925.986,49.973,10d12m32.3463sN,83d35m56.6287sW,49.973,2026-09-26 09:13:51.000,,,,10d12m32.3490sN,83d35m56.6271sW,51.746,Altura vertical,1.710,1.778,2026-09-26 09:13:44.000,2026-09-26 09:13:51.000,2,Fijo,38,45,Punto suave,5,0.002,0.002,0.013,0.025,0.800,0.400,0.700,0,146.247,Uso,-2.72878768,-0.72248195,106.04253922,2d49m21.8682s,91d12m24.8044s,,
Pt116,,1128900.160,543931.434,49.986,10d12m32.8494sN,83d35m56.4491sW,49.986,2026-09-26 09:14:43.000,,,,10d12m32.8480sN,83d35m56.4513sW,51.756,Altura vertical,1.710,1.778,2026-09-26 09:14:36.000,2026-09-26 09:14:43.000,3,Fijo,37,45,Punto suave,5,0.002,0.002,0.012,0.027,0.860,0.400,0.700,0,155.749,Uso,-0.77496104,-2.16219518,-68.49504395,2d17m48.5405s,221d12m50.9482s,,
Pt117,,1128894.732,543938.983,50.045,10d12m32.6725sN,83d35m56.2012sW,50.045,2026-09-26 09:14:59.000,,,,10d12m32.6720sN,83d35m56.2032sW,51.826,Altura vertical,1.710,1.778,2026-09-26 09:14:52.000,2026-09-26 09:14:59.000,2,Fijo,36,45,Punto suave,5,0.002,0.002,0.012,0.026,0.920,0.420,0.760,0,147.144,Uso,-1.40712360,-1.93426373,-53.04346924,2d23m30.4149s,252d58m41.8514s,,
Pt118,,1128890.422,543946.848,49.948,10d12m32.5319sN,83d35m55.9430sW,49.948,2026-09-26 09:15:23.000,,,,10d12m32.5265sN,83d35m55.9438sW,51.719,Altura vertical,1.710,1.778,2026-09-26 09:15:19.000,2026-09-26 09:15:23.000,3,Fijo,41,45,Punto suave,5,0.002,0.002,0.013,0.025,0.800,0.400,0.700,0,139.443,Uso,2.83571470,0.04462829,-28.79892426,2d50m09.8360s,150d17m56.6327s,,
Pt119,,1128885.340,543954.358,49.970,10d12m32.3661sN,83d35m55.6964sW,49.970,2026-09-26 09:15:42.000,,,,10d12m32.3677sN,83d35m55.6981sW,51.744,Altura vertical,1.710,1.778,2026-09-26 09:15:38.000,2026-09-26 09:15:42.000,2,Fijo,38,45,Punto suave,5,0.002,0.002,0.012,0.025,0.840,0.400,0.740,0,131.382,Uso,-2.58380816,-1.96985262,-31.24795723,3d14m55.1545s,291d24m37.7693s,,
Pt120,,1128880.701,543962.325,50.000,10d12m32.2148sN,83d35m55.4348sW,50.000,2026-09-26 09:16:10.000,,,,10d12m32.2160sN,83d35m55.4352sW,51.781,Altura vertical,1.710,1.778,2026-09-26 09:16:03.000,2026-09-26 09:16:10.000,2,Fijo,39,45,Punto suave,5,0.002,0.002,0.012,0.025,0.800,0.400,0.700,0,123.663,Uso,-0.99609751,0.48242254,-29.45783806,1d06m24.3370s,356d23m07.1364s,,
Pt121,,1128876.026,543969.713,50.072,10d12m32.0624sN,83d35m55.1922sW,50.072,2026-09-26 09:16:30.000,,,,10d12m32.0609sN,83d35m55.1947sW,51.844,Altura vertical,1.710,1.778,2026-09-26 09:16:23.000,2026-09-26 09:16:30.000,2,Fijo,38,45,Punto suave,5,0.002,0.002,0.012,0.025,0.880,0.400,0.740,0,116.357,Uso,-0.99492592,-3.03443446,-46.17684860,3d11m35.6430s,241d57m34.7137s,,
Pt122,,1128870.562,543977.276,50.127,10d12m31.8842sN,83d35m54.9440sW,50.127,2026-09-26 09:17:04.000,,,,10d12m31.8853sN,83d35m54.9471sW,51.906,Altura vertical,1.710,1.778,2026-09-26 09:16:57.000,2026-09-26 09:17:04.000,3,Fijo,38,42,Punto suave,5,0.002,0.002,0.012,0.026,0.940,0.420,0.780,0,108.462,Uso,-1.99938772,-3.04007812,-21.34725609,3d38m17.2105s,281d57m16.8751s,,
Pt123,,1128865.731,543984.924,50.125,10d12m31.7266sN,83d35m54.6929sW,50.125,2026-09-26 09:17:26.000,,,,10d12m31.7261sN,83d35m54.6955sW,51.901,Altura vertical,1.710,1.778,2026-09-26 09:17:22.000,2026-09-26 09:17:26.000,2,Fijo,40,45,Punto suave,5,0.002,0.002,0.012,0.026,0.800,0.400,0.700,0,101.391,Uso,-2.42048256,-1.89589231,-71.47285767,3d04m27.2952s,250d26m17.4001s,,
Pt124,,1128861.019,543992.720,50.204,10d12m31.5729sN,83d35m54.4369sW,50.204,2026-09-26 09:17:44.000,,,,10d12m31.5705sN,83d35m54.4395sW,51.980,Altura vertical,1.710,1.778,2026-09-26 09:17:37.000,2026-09-26 09:17:44.000,3,Fijo,38,45,Punto suave,5,0.002,0.002,0.012,0.026,0.920,0.400,0.760,0,94.736,Uso,-2.46390874,-3.40087790,-92.51971588,4d11m55.5785s,213d21m46.5665s,,
Pt125,,1128855.921,544000.539,50.101,10d12m31.4067sN,83d35m54.1802sW,50.101,2026-09-26 09:17:59.000,,,,10d12m31.4064sN,83d35m54.1817sW,51.884,Altura vertical,1.710,1.778,2026-09-26 09:17:55.000,2026-09-26 09:17:59.000,3,Fijo,38,45,Punto suave,5,0.002,0.002,0.012,0.026,0.860,0.420,0.760,0,88.136,Uso,-2.66737974,1.30812097,-89.84275818,2d58m14.3989s,296d17m36.0659s,,
Pt126,,1128850.854,544008.154,50.254,10d12m31.2415sN,83d35m53.9302sW,50.254,2026-09-26 09:18:16.000,,,,10d12m31.2424sN,83d35m53.9317sW,52.033,Altura vertical,1.710,1.778,2026-09-26 09:18:08.000,2026-09-26 09:18:16.000,2,Fijo,39,45,Punto suave,5,0.002,0.002,0.012,0.026,0.800,0.420,0.700,0,82.116,Uso,-1.90745223,0.10922434,-44.13779831,1d54m38.0726s,319d08m24.3465s,,
Pt127,,1128845.541,544016.037,50.311,10d12m31.0682sN,83d35m53.6714sW,50.311,2026-09-26 09:18:35.000,,,,10d12m31.0682sN,83d35m53.6737sW,52.085,Altura vertical,1.710,1.778,2026-09-26 09:18:28.000,2026-09-26 09:18:35.000,3,Fijo,37,44,Punto suave,5,0.002,0.002,0.012,0.025,0.920,0.400,0.820,0,76.472,Uso,-0.51740783,-1.54080218,-32.46761055,1d37m31.2102s,256d05m24.9116s,,
Pt128,,1128840.401,544024.606,50.309,10d12m30.9006sN,83d35m53.3900sW,50.309,2026-09-26 09:18:49.000,,,,10d12m30.8993sN,83d35m53.3904sW,52.086,Altura vertical,1.710,1.778,2026-09-26 09:18:45.000,2026-09-26 09:18:49.000,3,Fijo,36,44,Punto suave,5,0.002,0.002,0.012,0.026,0.880,0.400,0.780,0,71.907,Uso,-0.63971125,-1.41162897,-64.15352631,1d32m59.2382s,230d13m13.3965s,,
Pt129,,1128834.910,544033.648,50.480,10d12m30.7214sN,83d35m53.0931sW,50.480,2026-09-26 09:19:10.000,,,,10d12m30.7211sN,83d35m53.0963sW,52.258,Altura vertical,1.710,1.778,2026-09-26 09:19:06.000,2026-09-26 09:19:10.000,2,Fijo,37,44,Punto suave,5,0.002,0.002,0.011,0.026,0.800,0.400,0.700,0,68.288,Uso,-2.10344722,-3.00433826,-43.13714600,3d40m01.0005s,261d49m45.8356s,,
Pt130,,1128830.027,544041.342,50.529,10d12m30.5622sN,83d35m52.8405sW,50.529,2026-09-26 09:19:35.000,,,,10d12m30.5623sN,83d35m52.8427sW,52.305,Altura vertical,1.710,1.778,2026-09-26 09:19:28.000,2026-09-26 09:19:35.000,2,Fijo,38,45,Punto suave,5,0.002,0.002,0.011,0.024,0.800,0.400,0.700,0,66.200,Uso,-0.94925115,-1.84720583,-33.31145020,2d04m36.3384s,263d52m38.4945s,,
Pt131,,1128825.496,544049.069,50.456,10d12m30.4144sN,83d35m52.5868sW,50.456,2026-09-26 09:19:58.000,,,,10d12m30.4153sN,83d35m52.5903sW,52.233,Altura vertical,1.710,1.778,2026-09-26 09:19:51.000,2026-09-26 09:19:58.000,2,Fijo,37,45,Punto suave,5,0.002,0.002,0.011,0.025,0.800,0.400,0.700,0,65.645,Uso,-2.38004551,-1.41528111,-29.95740318,2d46m07.8305s,299d17m33.4811s,,
Pt132,,1128821.581,544054.961,50.339,10d12m30.2867sN,83d35m52.3933sW,50.339,2026-09-26 09:20:28.000,,,,10d12m30.2870sN,83d35m52.3916sW,52.118,Altura vertical,1.710,1.778,2026-09-26 09:20:20.000,2026-09-26 09:20:28.000,2,Fijo,35,45,Punto suave,5,0.002,0.002,0.011,0.026,0.900,0.400,0.800,0,65.672,Uso,-0.97401119,-2.16126904,147.02612610,2d22m13.8466s,81d16m27.8317s,,
M2,,1128882.810,543946.310,49.849,10d12m32.2841sN,83d35m55.9610sW,49.849,2026-09-26 09:32:39.000,,,,10d12m32.2839sN,83d35m55.9620sW,51.627,Altura vertical,1.710,1.778,2026-09-26 09:32:32.000,2026-09-26 09:32:39.000,2,Fijo,37,40,Punto suave,5,0.002,0.002,0.011,0.023,0.840,0.400,0.740,0,133.149,Uso,-0.21313976,-0.48410111,8.24121396,0d31m44.1971s,302d00m12.8481s,,
M3,,1128844.972,543918.499,50.096,10d12m31.0536sN,83d35m56.8763sW,50.096,2026-09-26 09:36:00.000,,,,10d12m31.0547sN,83d35m56.8773sW,51.870,Altura vertical,1.710,1.778,2026-09-26 09:35:52.000,2026-09-26 09:36:00.000,2,Fijo,34,42,Punto suave,5,0.002,0.002,0.011,0.024,0.900,0.400,0.800,0,123.192,Uso,-1.10987012,-0.34292258,-30.18433228,1d09m41.8814s,312d38m40.5631s,,
M4,,1128848.133,543942.920,50.254,10d12m31.1555sN,83d35m56.0738sW,50.254,2026-09-26 09:37:11.000,,,,10d12m31.1579sN,83d35m56.0718sW,52.030,Altura vertical,1.710,1.778,2026-09-26 09:37:03.000,2026-09-26 09:37:11.000,3,Fijo,34,42,Punto suave,5,0.002,0.002,0.011,0.023,0.940,0.400,0.840,0,107.346,Uso,-3.15173259,-0.72811898,46.71216431,3d14m04.7846s,33d41m48.4510s,,
M5,,1128815.745,543962.250,50.588,10d12m30.1005sN,83d35m55.4399sW,50.588,2026-09-26 09:39:39.000,,,,10d12m30.1007sN,83d35m55.4409sW,52.368,Altura vertical,1.710,1.778,2026-09-26 09:39:32.000,2026-09-26 09:39:39.000,2,Fijo,35,38,Punto suave,5,0.002,0.002,0.011,0.022,1.000,0.400,0.900,0,70.829,Uso,-0.36777494,-0.21153637,-68.96543274,0d25m27.3737s,261d07m39.6555s,,
M6,,1128793.597,543985.737,51.050,10d12m29.3787sN,83d35m54.6691sW,51.050,2026-09-26 09:41:27.000,,,,10d12m29.3793sN,83d35m54.6688sW,52.830,Altura vertical,1.710,1.778,2026-09-26 09:41:23.000,2026-09-26 09:41:27.000,3,Fijo,37,42,Punto suave,5,0.002,0.002,0.011,0.022,0.900,0.400,0.800,0,38.584,Uso,0.28486601,0.09907503,-160.14642029,0d18m05.7711s,0d40m33.8178s,,
M7,,1128801.354,544014.467,50.735,10d12m29.6300sN,83d35m53.7247sW,50.735,2026-09-26 09:43:10.000,,,,10d12m29.6302sN,83d35m53.7249sW,52.512,Altura vertical,1.710,1.778,2026-09-26 09:43:03.000,2026-09-26 09:43:10.000,2,Fijo,36,39,Punto suave,5,0.002,0.002,0.011,0.022,0.900,0.400,0.800,0,32.297,Uso,-0.87642312,-1.84754771,148.86943359,2d02m41.3476s,84d14m21.0681s,,
M8,,1128831.487,544021.752,50.276,10d12m30.6105sN,83d35m53.4841sW,50.276,2026-09-26 09:46:36.000,,,,10d12m30.6151sN,83d35m53.4885sW,52.041,Altura vertical,1.710,1.778,2026-09-26 09:46:32.000,2026-09-26 09:46:36.000,2,Fijo,36,40,Punto suave,5,0.002,0.002,0.011,0.021,0.900,0.400,0.800,0,62.726,Uso,2.64254637,2.35967906,-163.71046753,3d32m31.9234s,334d29m59.5333s,,
M1,,1128842.554,543972.731,50.363,10d12m30.9727sN,83d35m55.0944sW,50.363,2026-09-26 09:50:19.000,,,,10d12m30.9766sN,83d35m55.0940sW,52.137,Altura vertical,1.710,1.778,2026-09-26 09:50:15.000,2026-09-26 09:50:19.000,3,Fijo,37,43,Punto suave,5,0.002,0.002,0.011,0.021,0.900,0.400,0.800,0,85.038,Uso,2.34260206,1.90962365,-141.15306702,3d01m19.1586s,359d38m33.9542s,,
